.DS_Store , 0
Average Brit Throws Away Over £400* Worth of Food Each Year | SAMSUNG UK.txt , 25
By Royal Appointment | SAMSUNG UK.txt , 0
Code Club and Samsung Launch a Regional Coding Hub for Young People at the Factory Youth Zone in Manchester | SAMSUNG UK.txt , 16
Old PRs , 0
Penny Mordaunt MP Joins Samsung To Open Digital Classroom In Portsmouth | SAMSUNG UK.txt , 0
Rt Hon Stephen Timms MP visits Samsung Digital Academy in East London | SAMSUNG UK.txt , 32
Samsung Developer Conference 2014: Innovations for Improving Consumer Lifestyles Unveiled | SAMSUNG UK.txt , 0
Samsung Gear S Available To Buy In the UK from November 7th | SAMSUNG UK.txt , 23
Samsung Helps Police Force Become Digital Trailblazer | SAMSUNG UK.txt , 13
Samsung Smart TV Platform Reaches New Milestone Attracting 1.5 Million Weekly Visitors to its Smart Hub | SAMSUNG UK.txt , 0
Samsung.txt , 0
Samsung’s First Ruggedised B2B Tablet Available Now | SAMSUNG UK.txt , 31
Wearable Tech Market Predicted to be worth £104.7 million to UK Retailers this Christmas | SAMSUNG UK.txt , 63
.DS_Store , 0
Apple (United Kingdom) - Apple Press Info - App Store Sales Top $10 Billion in 2013.txt , 10
Apple (United Kingdom) - Apple Press Info - Apple & U2 Release “Songs of Innocence” Exclusively for iTunes Store Customers.txt , 12
Apple (United Kingdom) - Apple Press Info - Apple and IBM Forge Global Partnership to Transform Enterprise Mobility.txt , 52
Apple (United Kingdom) - Apple Press Info - Apple Announces Apple Pay.txt , 17
Apple (United Kingdom) - Apple Press Info - Apple Announces Eighth Annual iTunes Festival in London.txt , 4
Apple (United Kingdom) - Apple Press Info - Apple Announces iOS 8 Available September 17.txt , 51
Apple (United Kingdom) - Apple Press Info - Apple Announces iPhone 6 & iPhone 6 Plus—The Biggest Advancements in iPhone History.txt , 19
Apple (United Kingdom) - Apple Press Info - Apple Announces iTunes Festival Coming to SXSW―Five Amazing Nights Five Amazing Shows.txt , 4
Apple (United Kingdom) - Apple Press Info - Apple Announces OS X Yosemite.txt , 33
Apple (United Kingdom) - Apple Press Info - Apple Announces Record Pre-orders for iPhone 6 & iPhone 6 Plus Top Four Million in First 24 Hours.txt , 28
Apple (United Kingdom) - Apple Press Info - Apple Announces Updates to iTunes U.txt , 13
Apple (United Kingdom) - Apple Press Info - Apple Brings iTunes Radio to Australia.txt , 3
Apple (United Kingdom) - Apple Press Info - Apple Brings Vibrant Colours & iSight Camera to Most Affordable iPod touch Model.txt , 9
Apple (United Kingdom) - Apple Press Info - Apple Expands Capital Return Programme to Over $130 Billion.txt , 24
Apple (United Kingdom) - Apple Press Info - Apple Expands Worldwide Access to Educational Content.txt , 9
Apple (United Kingdom) - Apple Press Info - Apple Introduces 27-inch iMac with Retina 5K Display.txt , 26
Apple (United Kingdom) - Apple Press Info - Apple Introduces iPad Air 2—The Thinnest Most Powerful iPad Ever.txt , 19
Apple (United Kingdom) - Apple Press Info - Apple Introduces New Entry Level 21.5-inch iMac.txt , 15
Apple (United Kingdom) - Apple Press Info - Apple Media Advisory.txt , 3
Apple (United Kingdom) - Apple Press Info - Apple Pay Set to Transform Mobile Payments Starting October 20.txt , 19
Apple (United Kingdom) - Apple Press Info - Apple Releases iOS 8 SDK With Over 4000 New APIs.txt , 34
Apple (United Kingdom) - Apple Press Info - Apple Reports First Quarter Results.txt , 17
Apple (United Kingdom) - Apple Press Info - Apple Reports Fourth Quarter Results.txt , 14
Apple (United Kingdom) - Apple Press Info - Apple Reports Second Quarter Results.txt , 16
Apple (United Kingdom) - Apple Press Info - Apple Reports Third Quarter Results.txt , 15
Apple (United Kingdom) - Apple Press Info - Apple Rolls Out CarPlay Giving Drivers a Smarter Safer & More Fun Way to Use iPhone in the Car.txt , 19
Apple (United Kingdom) - Apple Press Info - Apple to Acquire Beats Music & Beats Electronics.txt , 15
Apple (United Kingdom) - Apple Press Info - Apple Unveils Apple Watch—Apple’s Most Personal Device Ever.txt , 17
Apple (United Kingdom) - Apple Press Info - Apple Unveils iOS 8 the Biggest Release Since the Launch of the App Store.txt , 38
Apple (United Kingdom) - Apple Press Info - Apple Updates Mac mini.txt , 22
Apple (United Kingdom) - Apple Press Info - Apple Updates MacBook Air.txt , 17
Apple (United Kingdom) - Apple Press Info - Apple Updates MacBook Pro with Retina Display.txt , 16
Apple (United Kingdom) - Apple Press Info - Apple Updates Most Affordable 9.7-inch iPad with Retina display Improved Cameras & Enhanced Performance - Now Available Starting at £329.txt , 10
Apple (United Kingdom) - Apple Press Info - Apple Worldwide Developers Conference Kicks Off June 2 at Moscone West in San Francisco.txt , 13
Apple (United Kingdom) - Apple Press Info - Apple’s Peter Oppenheimer to Retire at the End of September.txt , 25
Apple (United Kingdom) - Apple Press Info - First Weekend iPhone Sales Top 10 Million Set New Record.txt , 21
Apple (United Kingdom) - Apple Press Info - FY 14 First Quarter Results Conference Call.txt , 1
Apple (United Kingdom) - Apple Press Info - FY 14 Fourth Quarter Results Conference Call.txt , 1
Apple (United Kingdom) - Apple Press Info - FY 14 Second Quarter Results Conference Call.txt , 1
Apple (United Kingdom) - Apple Press Info - FY 14 Third Quarter Results Conference Call.txt , 1
Apple (United Kingdom) - Apple Press Info - iPad Air & iPad mini with LTE Performance Available in China Today.txt , 9
Apple (United Kingdom) - Apple Press Info - iPhone 6 & iPhone 6 Plus Arrive in 36 More Countries and Territories This Month.txt , 21
Apple (United Kingdom) - Apple Press Info - iPhone 6 & iPhone 6 Plus Available in China on Friday October 17.txt , 12
Apple (United Kingdom) - Apple Press Info - NTT DOCOMO & Apple to Offer iPad in Japan Starting on Tuesday June 10.txt , 22
Apple (United Kingdom) - Apple Press Info - OS X Yosemite Available Today as a Free Upgrade.txt , 26
Apple (United Kingdom) - Apple Press Info - Sue Wagner Joins Apple's Board of Directors.txt , 6
Apple.txt , 7
OLDPRS , 0
.DS_Store , 0
HP News - Ardagh Group Seamlessly Connects Employees Applications and Data Around the World with HP.txt , 21
HP News - Babraham Institute Boosts Data Availability with HP.txt , 20
HP News - Halfords Transforms Service Quality with HP.txt , 31
HP News - HP and Shell Spark Energy Innovation at Eco-marathon Europe 2014.txt , 20
HP News - HP Becomes First Major Cloud Service Provider in the UK to Receive Prestigious Cloud Certification Award and Pan-Government Accreditation.txt , 28
HP News - HP Enables Large-Format Graphics Customers to Break Application Boundaries.txt , 45
HP News - HP Enhances Mobile Offerings With Business-Focused Detachable PC.txt , 79
HP News - HP Extends Investment in OpenStack Cloud Services at Its Galway-based R&D Operation.txt , 23
HP News - HP Helps Bolsius Transition to Hybrid Cloud IT Environment for Fast Access to Business-critical Data.txt , 27
HP News - HP Helps Printing Customers Reduce Environmental Impact.txt , 36
HP News - HP Helps Simplify Small Business Printing with New Officejet Pro Printers.txt , 24
HP News - HP Helps Small-Medium Enterprises Compete for Public Sector Business Through G-Cloud 5.txt , 12
HP News - HP Helps UCAS Improve Clearing Process Enabling More Students to Find University Places.txt , 8
HP News - HP Improves Communications for Students and Staff at Westfälische Wilhelms-Universität Münster.txt , 15
HP News - HP Indigo 7600 Digital Press Gives Entwistle Competitive Advantage.txt , 11
HP News - HP Introduces New Enterprise Applications Services for Workday.txt , 31
HP News - HP Launches Helion Managed Services for Optimizing Cloud Storage Workloads.txt , 25
HP News - HP Pioneers Enterprise Print Technology that Combines Manageability Features Cost Savings.txt , 17
HP News - HP Saves Data Centre Space Time Costs for South Eastern Health and Social Care Trust.txt , 30
HP News - HP Works with Swansea University to Build Sustainable Cities.txt , 21
HP News - InterContinental Hotels Group Awards Business Process Services Contract to HP.txt , 22
HP News - Lancaster University Provides Unique Research Environment with HP Software-Defined Networking.txt , 12
HP News - Northern Ireland Selects HP to Provide Regional IT Services for Health.txt , 38
HP News - ProCo Installs UK’s First HP Indigo 7800 Digital Press.txt , 22
HP News - UNIT4 Selects HP to Provide Managed Cloud Platform for Education Software.txt , 17
HP.txt , 0
OLD , 0
.DS_Store , 0
IBM Press room - 2014-10-07 Digital Travel Pioneer Terry Jones Launches WayBlazer Powered by IBM Watson - United Kingdom.txt , 31
IBM Press room - 2014-10-07 IBM Unveils New Start Ups and Ecosystem Partners Delivering Watson-Powered Apps in the Cloud - United Kingdom.txt , 96
IBM Press room - 2014-10-07 IBM Watson Accelerates Global Expansion - United Kingdom.txt , 109
IBM Press room - 2014-10-14 IBM and SAP Partner to Accelerate Enterprise Cloud Adoption - United Kingdom.txt , 57
IBM Press room - 2014-10-15 IBM Extends Bluemix with Cloud Service for the Internet of Things - United Kingdom.txt , 31
IBM Press room - 2014-10-17 IBM Powers Service Provider OVH Public Cloud - United Kingdom.txt , 49
IBM Press room - 2014-10-21 Crowdsourced Supercomputing Project Seeks Better Understanding of DNA Improved Quality of Life - United Kingdom.txt , 10
IBM Press room - 2014-10-27 IBM Brings Broad Portfolio of Big Data and Analytics Capabilities to the IBM Cloud Marketplace - United Kingdom.txt , 38
IBM Press room - 2014-10-27 IBM Introduces New Enterprise Intelligence Analytics to Fight Cybercrime at High Speeds and Massive Scale - United Kingdom.txt , 30
IBM Press room - 2014-10-27 IBM Introduces New Generation of Cloud-Based Data Services to Help Organizations Know More Faster - United Kingdom.txt , 34
IBM Press room - 2014-10-27 IBM Launches Humanitarian Initiatives to Help Contain Ebola Outbreak in Africa - United Kingdom.txt , 50
IBM Press room - 2014-10-28 IBM Cloud Launches New OpenStack Services - United Kingdom.txt , 44
IBM Press room - 2014-10-28 IBM Helps Joy Global Mine Big Data to Better Serve Customers - United Kingdom.txt , 26
IBM Press room - 2014-10-28 IBM Unveils Cognitive Exploration to Drive Better Business Outcomes - United Kingdom.txt , 75
IBM Press room - 2014-10-29 Twitter and IBM Form Global Partnership to Transform Enterprise Decisions - United Kingdom.txt , 35
IBM Press room - 2014-10-30 IBM and Repsol Launch World’s First Cognitive Technologies Collaboration for Oil Industry Applications - United Kingdom.txt , 55
IBM Press room - 2014-11-05 IBM Predicts Record Mobile Holiday Shopping as Consumers Browse and Buy on the Go - United Kingdom.txt , 28
IBM Press room - 2014-11-05 IBM Unveils Industry's First Intelligent Cloud Security Portfolio for Global Businesses - United Kingdom.txt , 43
IBM Press room - 2014-11-10 IBM Forschungszentrum Jülich and NVIDIA Team to Establish POWER Acceleration and Design Center - United Kingdom.txt , 25
IBM.txt , 0
Old , 0
A toolkit to make everyday tasks easier for journalists bloggers and anyone who publishes online - The Fire Hose.txt , 12
Kenya’s female graduate students to benefit from mentorship programme courtesy of Microsoft and other local partners | News Center.txt , 40
Microsoft and Dropbox announce strategic partnership to give people more freedom in how they work | News Center.txt , 20
Microsoft announces upcoming events for the financial community | News Center.txt , 1
Microsoft Convergence 2014 Europe | News Center.txt , 14
Microsoft delivers wave of innovation at TechEd Europe | News Center.txt , 40
Microsoft EVP Lisa Brummel to retire at end of year | News Center.txt , 12
Microsoft Launches Free Unrestricted Version Of Visual Studio For Small Teams | TechCrunch.txt , 0
Microsoft takes .NET open source and cross-platform adds new development capabilities with Visual Studio 2015 .NET 2015 and Visual Studio Online | News Center.txt , 38
Microsoft's Future Growth And Value Will Come From Successful Partnerships - Forbes.txt , 0
Microsoft.txt , 10
MicrosoftPRscrape0.txt , 12
MicrosoftPRscrape1.txt , 0
MicrosoftPRscrape10.txt , 1
MicrosoftPRscrape11.txt , 0
MicrosoftPRscrape12.txt , 20
MicrosoftPRscrape13.txt , 0
MicrosoftPRscrape14.txt , 101
MicrosoftPRscrape15.txt , 0
MicrosoftPRscrape16.txt , 40
MicrosoftPRscrape17.txt , 0
MicrosoftPRscrape18.txt , 14
MicrosoftPRscrape19.txt , 40
MicrosoftPRscrape2.txt , 38
MicrosoftPRscrape20.txt , 0
MicrosoftPRscrape21.txt , 0
MicrosoftPRscrape22.txt , 0
MicrosoftPRscrape23.txt , 0
MicrosoftPRscrape3.txt , 12
MicrosoftPRscrape4.txt , 12
MicrosoftPRscrape5.txt , 0
MicrosoftPRscrape6.txt , 12
MicrosoftPRscrape7.txt , 26
MicrosoftPRscrape8.txt , 26
MicrosoftPRscrape9.txt , 0
Reinventing productivity with the Microsoft cloud for business | News Center.txt , 101
Skype for Web brings voice and video calls to your browser | The Verge.txt , 0
.DS_Store , 0
Amazon.txt , 0
AmazonPRscrape0.txt , 8
AmazonPRscrape1.txt , 7
AmazonPRscrape10.txt , 33
AmazonPRscrape11.txt , 16
AmazonPRscrape12.txt , 17
AmazonPRscrape13.txt , 23
AmazonPRscrape14.txt , 26
AmazonPRscrape15.txt , 14
AmazonPRscrape16.txt , 45
AmazonPRscrape17.txt , 15
AmazonPRscrape18.txt , 25
AmazonPRscrape19.txt , 43
AmazonPRscrape2.txt , 27
AmazonPRscrape20.txt , 9
AmazonPRscrape21.txt , 23
AmazonPRscrape22.txt , 26
AmazonPRscrape23.txt , 48
AmazonPRscrape24.txt , 44
AmazonPRscrape25.txt , 43
AmazonPRscrape26.txt , 26
AmazonPRscrape27.txt , 43
AmazonPRscrape28.txt , 54
AmazonPRscrape29.txt , 2
AmazonPRscrape3.txt , 17
AmazonPRscrape30.txt , 24
AmazonPRscrape31.txt , 19
AmazonPRscrape32.txt , 31
AmazonPRscrape33.txt , 29
AmazonPRscrape34.txt , 19
AmazonPRscrape35.txt , 12
AmazonPRscrape36.txt , 24
AmazonPRscrape37.txt , 39
AmazonPRscrape38.txt , 21
AmazonPRscrape39.txt , 20
AmazonPRscrape4.txt , 17
AmazonPRscrape40.txt , 34
AmazonPRscrape41.txt , 29
AmazonPRscrape42.txt , 32
AmazonPRscrape43.txt , 32
AmazonPRscrape44.txt , 38
AmazonPRscrape45.txt , 50
AmazonPRscrape46.txt , 26
AmazonPRscrape5.txt , 9
AmazonPRscrape6.txt , 33
AmazonPRscrape7.txt , 22
AmazonPRscrape8.txt , 32
AmazonPRscrape9.txt , 45
.DS_Store , 0
IFA 2014 Panasonic Booth Highlights - Panasonic UK.txt , 22
Legendary Audio Brand Technics Returns with a Mission to Help... - Panasonic UK.txt , 15
Old , 0
Panasonic ALL Series Sponsors Coverage of the MOBO Awards on ITV2 - Panasonic UK.txt , 9
Panasonic Announces Christmas Cashback Promotion for Imaging Products - Panasonic UK.txt , 16
Panasonic Announces Multi-room Wireless Speaker System... - Panasonic UK.txt , 28
Panasonic Announces the Firmware Update Program for LUMIX DMC-FZ1000 - Panasonic UK.txt , 18
Panasonic Announces the Firmware Update Program for LUMIX GH4 - Panasonic UK.txt , 20
Panasonic expands UHD streaming options with Netflix and Amazon - Panasonic UK.txt , 10
Panasonic extends its premium Ultra HD 4K TV line-up for 2014 - Panasonic UK.txt , 25
Panasonic Grows End-to-End 4K Offering With 2014 European Product... - Panasonic UK.txt , 24
Panasonic introduces smart new sensor technology with extended... - Panasonic UK.txt , 26
Panasonic Introduces World’s First 4K 25p Wearable Camcorder – ... - Panasonic UK.txt , 33
Panasonic Launches HC-X1000 Ultra HD 4K Camcorder with... - Panasonic UK.txt , 33
Panasonic Launches High Definition Headphones Creating the... - Panasonic UK.txt , 26
Panasonic launches the LUMIX TZ55 – a new versatile and high... - Panasonic UK.txt , 30
Panasonic launches the LUMIX TZ60 – World’s slimmest premium... - Panasonic UK.txt , 40
Panasonic Launches the World’s Smallest Interchangeable Lens... - Panasonic UK.txt , 46
Panasonic Marketing Boss Documents Charity Climb - Panasonic UK.txt , 10
Panasonic teams up with the National Trust for strategic brand... - Panasonic UK.txt , 22
Panasonic UK - press releases.txt , 0
Panasonic UK audio - press releases.txt , 0
Panasonic UK beauty - press releases.txt , 0
Panasonic UK blu-ray - press releases.txt , 0
Panasonic UK camcorder - press releases.txt , 0
Panasonic UK ces - press releases.txt , 0
Panasonic UK convention 2014 - press releases.txt , 0
Panasonic UK cordless phones - press releases.txt , 0
Panasonic UK corporate - press releases.txt , 0
Panasonic UK csr - press releases.txt , 0
Panasonic UK dect - press releases.txt , 0
Panasonic UK fasterchef - press releases.txt , 0
Panasonic UK headphones - press releases.txt , 0
Panasonic UK home appliances - press releases.txt , 0
Panasonic UK home av - press releases.txt , 0
Panasonic UK home projectors - press releases.txt , 0
Panasonic UK ifa2014 - press releases.txt , 0
Panasonic UK lighting - press releases.txt , 0
Panasonic UK lumix - press releases.txt , 0
Panasonic UK lumix g - press releases.txt , 0
Panasonic UK lumixg - press releases.txt , 0
Panasonic UK microwave - press releases.txt , 0
Panasonic UK nationaltrust - press releases.txt , 0
Panasonic UK photokina 2014 - press releases.txt , 0
Panasonic UK sustainability - press releases.txt , 0
Panasonic UK viera - press releases.txt , 0
Panasonic Unveils the LUMIX DMC-LX100 Setting a New standard In... - Panasonic UK.txt , 25
Panasonic unveils X940 its new premium Ultra-Large Screen 4K TV - Panasonic UK.txt , 42
Panasonic.txt , 12
Party Time for Panasonic's New ALL Series Promotion - Panasonic UK.txt , 16
The Panasonic LUMIX GH4: Changing the boundaries of professional... - Panasonic UK.txt , 20
‘Unleash your senses’ with Panasonic’s AX902 - a new chapter in 4K... - Panasonic UK.txt , 37
.DS_Store , 0
Google Acquires Motorola Mobility – News announcements – News from Google – Google.txt , 28
Google announces Calico a new company focused on health and well-being – News announcements – News from Google – Google.txt , 3
Google Announces First Quarter 2011 Results* – News announcements – News from Google – Google.txt , 0
Google Appoints Alan Mulally to its Board of Directors – News announcements – News from Google – Google.txt , 11
Google appoints Diane B. Greene to its Board of Directors – News announcements – News from Google – Google.txt , 9
Google Launches Made with Code – News announcements – News from Google – Google.txt , 11
Google to Provide CornellNYC Tech with Free Office Space for More Than 5 Years – News announcements – News from Google – Google.txt , 21
Google Citi MasterCard First Data and Sprint Team up to Make Your Phone Your Wallet – News announcements – News from Google – Google.txt , 43
Google Photographers Settle Litigation Over Books – News announcements – News from Google – Google.txt , 6
Google.txt , 1
Old , 0
Publishers and Google Reach Agreement – News announcements – News from Google – Google.txt , 6
.DS_Store , 0
Amulet Hotkey launches Battlefield Training and Simulation System with Dell OEM Solutions | Dell UK.txt , 51
Customers Globally Select Dell Cloud Solutions and Services | Dell UK.txt , 66
Dell and Informatica Team to Offer Customers Increased Data Capabilities | Dell UK.txt , 43
Dell Bolsters Software-Defined Storage Portfolio with Flash Economics | Dell UK.txt , 79
Dell Boomi Accelerates Customer Time to Value Spring '14 | Dell UK.txt , 82
Dell Boomi Announces New NetSuite OpenAir Connector | Dell UK.txt , 27
Dell Contributes to Development of Smart Building Design and Automation | Dell UK.txt , 27
Dell Corporate Responsibility Report Highlights Progress Toward Company’s 2020 Legacy of Good Goals | Dell UK.txt , 42
Dell Data Center Powers U.S. Navy’s X-47B Unmanned Aircraft | Dell UK.txt , 14
Dell End-to-End Solutions Fuel Jenkon’s Business and Optimizes Customer Support | Dell UK.txt , 55
Dell helps Welsh University Health Board Breathe New Life into IT Infrastructure | Dell UK.txt , 33
Dell HPC helps University of Cambridge see the edge of the Universe with World’s Largest Telescope | Dell UK.txt , 23
Dell is unveiling new security solutions to empower todays workforce | Dell UK.txt , 56
Dell KACE K1000 provides greater visibility and improved endpoint security across IT | Dell UK.txt , 43
Dell Launches Founders Club 50 | Dell UK.txt , 33
Dell Makes Deploying and Managing Enterprise Applications Faster and Easier | Dell UK.txt , 65
Dell minimizes mobile security risks while maximizing benefits | Dell UK.txt , 49
Dell Modernizes Canadian University of Dubai’s Networking Infrastructure | Dell UK.txt , 27
Dell names Ganesh Murthy Chief Financial Officer (CFO) of Dell Services | Dell UK.txt , 16
Dell OEM Solutions and Emerson Collaborate on Industrial Automation | Dell UK.txt , 43
Dell One Identity Manager Deployments Safeguard and Empower Organizations | Dell UK.txt , 54
Dell Partners with Schools Nationwide to Prepare for the Future of Learning and Technology | Dell UK.txt , 53
Dell SecureWorks Expands Vulnerability Monitoring and Prioritization Services | Dell UK.txt , 24
Dell SecureWorks Named Double-Winner at the MES XCellence Awards | Dell UK.txt , 21
Dell Services Expands Enterprise Mobility Offerings with New Partners | Dell UK.txt , 49
Dell Services Redefines IT Innovation for Healthcare Industry | Dell UK.txt , 51
Dell SharePlex Helps eHarmony Deliver the Services Subscribers Need to Make a Lasting Match | Dell UK.txt , 36
Dell Software Launches Two New Backup Appliances and Latest Release of AppAssure | Dell UK.txt , 88
Dell Software Survey Results Show Organizations Unprepared for Active Directory Disaster Recovery | Dell UK.txt , 64
Dell Software Wins 2014 ACE Award | Dell UK.txt , 44
Dell Survey Reveals Need for Proactive Security Compliance | Dell UK.txt , 61
Dell Survey Shows Midmarket Embracing Big Data | Dell UK.txt , 63
Dell Unveils Innovative and Powerful Desktop Virtualization Solutions | Dell UK.txt , 60
Dell Windows Server 2003 Migration Services | Dell UK.txt , 38
Dell.txt , 21
Dell’s Endpoint and Network Security Solutions Elevate Protection | Dell UK.txt , 54
ICBA Selects Dell Solutions to Help Study Water Resource Issues in the MENA region | Dell UK.txt , 25
Old , 0
PIE Mapping selects Dell Cloud on Demand to route journey to growth | Dell UK.txt , 27
Spin VFX Puts Dell in the Picture | Dell UK.txt , 26
Tallies.txt , 126
ToshibaLinkscrape.txt , 0
ToshibaPRscrape0.txt , 43
ToshibaPRscrape1.txt , 42
ToshibaPRscrape10.txt , 18
ToshibaPRscrape11.txt , 37
ToshibaPRscrape12.txt , 31
ToshibaPRscrape13.txt , 28
ToshibaPRscrape14.txt , 24
ToshibaPRscrape15.txt , 26
ToshibaPRscrape16.txt , 30
ToshibaPRscrape17.txt , 19
ToshibaPRscrape18.txt , 18
ToshibaPRscrape19.txt , 31
ToshibaPRscrape2.txt , 23
ToshibaPRscrape20.txt , 29
ToshibaPRscrape21.txt , 23
ToshibaPRscrape22.txt , 26
ToshibaPRscrape23.txt , 20
ToshibaPRscrape24.txt , 15
ToshibaPRscrape25.txt , 17
ToshibaPRscrape26.txt , 34
ToshibaPRscrape27.txt , 32
ToshibaPRscrape28.txt , 20
ToshibaPRscrape29.txt , 9
ToshibaPRscrape3.txt , 20
ToshibaPRscrape30.txt , 19
ToshibaPRscrape31.txt , 23
ToshibaPRscrape32.txt , 19
ToshibaPRscrape33.txt , 14
ToshibaPRscrape34.txt , 25
ToshibaPRscrape35.txt , 17
ToshibaPRscrape36.txt , 13
ToshibaPRscrape37.txt , 18
ToshibaPRscrape38.txt , 16
ToshibaPRscrape39.txt , 26
ToshibaPRscrape4.txt , 36
ToshibaPRscrape40.txt , 20
ToshibaPRscrape5.txt , 14
ToshibaPRscrape6.txt , 20
ToshibaPRscrape7.txt , 42
ToshibaPRscrape8.txt , 26
ToshibaPRscrape9.txt , 17
EXPERIENCE “FLOWING SOUND” WITH SMART HI-FI AUDIOWIRELESS MULTI-ROOM SOLUTION FROM LG.txt , 15
INTRODUCING G2 MINI LG’S FIRST “COMPACT” SMARTPHONE.txt , 20
LG ANNOUNCES START OF SALES OF 105-INCH 21:9 CURVED ULTRA HD TV.txt , 17
LG BEGINS SHIPPING LTE VERSION OF G PAD 8.0.txt , 15
LG EXPANDS ITS COMBI FRIDGE FREEZER RANGE.txt , 22
LG G WATCH ANDROID WEAR DEVICE NOW AVAILABLE WORLDWIDE.txt , 15
LG G WATCH POWERED BY ANDROID WEAR BEING.txt , 9
LG G WATCH R NEW BENCHMARK FOR WEARABLES BEGINS GLOBAL ROLLOUT.txt , 25
LG highlights the benefits of caring for what you wear using the latest in laundry technology.txt , 21
LG LAUNCHES NEW 55” OLED TV TO THE UK.txt , 16
LG OLED TV HONOURED FOR THIRD CONSECUTIVE YEAR AT EUROPE’S EISA AWARDS.txt , 17
LG PUTS CONSUMERS IN THE PICTURE WITH #LGMATCHMOMENTS.txt , 6
LG READYING SNEAK PEEK OF NEW G WATCH R AT IFA 2014.txt , 14
LG SHINES IN DESIGN AT RED DOT AWARDS 2014.txt , 15
LG WASHING MACHINES SURPASS TWENTY MILLION SALES MARK GLOBALLY.txt , 26
LG.txt , 2
LGPARTNERS WITH SWAROVSKI TO CREATE THE ULTIMATE PREMIUM OLED TV.txt , 15
LGPRscrape0.txt , 26
LGPRscrape1.txt , 25
LGPRscrape10.txt , 15
LGPRscrape11.txt , 6
LGPRscrape12.txt , 43
LGPRscrape13.txt , 15
LGPRscrape14.txt , 22
LGPRscrape15.txt , 9
LGPRscrape16.txt , 20
LGPRscrape17.txt , 21
LGPRscrape18.txt , 21
LGPRscrape19.txt , 13
LGPRscrape2.txt , 16
LGPRscrape3.txt , 15
LGPRscrape4.txt , 14
LGPRscrape5.txt , 20
LGPRscrape6.txt , 15
LGPRscrape7.txt , 17
LGPRscrape8.txt , 15
LGPRscrape9.txt , 17
LG’S FOUR-DOOR REFRIGERATOR WITH DOOR-IN-DOOR™ PROVIDES EASY ACCESS AND MORE CONVENIENCE.txt , 20
LG’S THIRD GENERATION L SERIES TO DEBUT AT MOBILE WORLD CONGRESS.txt , 21
Storm and LG extend their strategic partnership until 2017.txt , 13
WITH NEW G3 LG AIMS TO REDEFINE.txt , 43
.DS_Store , 0
BEN SAUNDERS MAKES HISTORY AS HE COMPLETES CAPTAIN SCOTT’S ICONIC POLAR JOURNEY .txt , 18
British Adventurer Ben Saunders Returns to the UK Following Successful Completion of Historic Antarctic Journey.txt , 28
Coding to race or racing to code?.txt , 2
Fourth Intel Innovation Center opens in Swindon heralds acceleration into Internet of Things for UK customers.txt , 18
Intel at Maker Faire UK - Newcastle.txt , 0
Intel Joins Forces with Cloud Service Providers  Around the World to Reveal What’s Inside Their Datacenters.txt , 61
Intel Lights Up The Paddington Trail.txt , 7
Intel to aid Deployment of Sensors in Manchester.txt , 6
Intel.txt , 5
IntelPRscrape0.txt , 5
IntelPRscrape1.txt , 7
IntelPRscrape10.txt , 32
IntelPRscrape11.txt , 61
IntelPRscrape2.txt , 2
IntelPRscrape3.txt , 2
IntelPRscrape4.txt , 18
IntelPRscrape5.txt , 2
IntelPRscrape6.txt , 0
IntelPRscrape7.txt , 6
IntelPRscrape8.txt , 28
IntelPRscrape9.txt , 18
Job opening for Santa’s next CIO.txt , 5
Latest Intel® Education Tablet and Intel® Classmate PC  Help Transform Learning and Teaching.txt , 32
Nokia and Intel jointly open lab to bring cloud capabilities to the network edge.txt , 2
Tesco’s hudl2 Android™ Tablet launches With Intel® Inside.txt , 2
.DS_Store , 0
Old , 0
Oracle.txt , 10
OracleEMEA - Press Releases - Advania Selects Oracle SuperCluster over HP and IBM for Oracle E-Business Suite Consolidation.txt , 31
OracleEMEA - Press Releases - Large Enterprises View Business Transformation as Essential to Ability to Compete But Struggle with Execution According to New Oracle Study.txt , 78
OracleEMEA - Press Releases - New Oracle-Sponsored Study Highlights the Need for More Vigilant Enterprise Database Security.txt , 16
OracleEMEA - Press Releases - NTT DOCOMO Implements Oracle Communications Diameter Signaling Router to Support New LTE Infrastructure.txt , 24
OracleEMEA - Press Releases - Oracle Announces Latest Release of Oracle Database Appliance Software.txt , 29
OracleEMEA - Press Releases - Oracle Dramatically Improves Developer Productivity with New Oracle Solaris Studio 12.4.txt , 27
OracleEMEA - Press Releases - Oracle EMEA News Digest - October 2014.txt , 52
OracleEMEA - Press Releases - Oracle Helps Customers Stay Competitive with Innovations Across Its JD Edwards EnterpriseOne Applications Line.txt , 40
OracleEMEA - Press Releases - Oracle Helps Organizations Transform the Customer Experience.txt , 59
OracleEMEA - Press Releases - Pilatus Bank Ltd. An Exclusive Global Private & Commercial Bank To Modernize Its Business Banking Model With Oracle FLEXCUBE.txt , 37
.DS_Store , 0
Norton Delivers Powerful Threat Protection in Single Service.txt , 29
Old , 0
Small Businesses Put Growth at Risk by Not Protecting Against Cyberattacks According to Symantec.txt , 36
Symantec Adds Two New Executives to its Security Business.txt , 21
Symantec Appoints Michael A. Brown CEO.txt , 35
Symantec Reports First Quarter Fiscal Year 2015 Results.txt , 27
Symantec Reports Second Quarter Fiscal Year 2015 Results.txt , 31
Symantec.txt , 0
VMWare.txt , 0
.DS_Store , 0
API Gateway from CA Technologies Receives Common Criteria Certification - CA Technologies.txt , 23
Business and IT Emerge as Essential Allies in the Move to Social IDs and Bring Your Own Identity - CA Technologies.txt , 46
CA 11-13 links , 0
CA Network Flow Analysis Leverages Cisco’s Next-Generation Technology to Deliver Deep Insight into Application Performance - CA Technologies.txt , 42
CA Nimsoft Monitor Snap Snapped up by 5000 Customers in First 100 Days - CA Technologies.txt , 51
CA Technologies Again Receives “Strong Positive” Rating in Gartner’s IT Project and Portfolio Management MarketScope Report - CA Technologies.txt , 23
CA Technologies and Digistore Solutions Holdings Deliver Highly Scalable Disk Backup and Recovery for Physical and Virtual Servers.txt , 37
CA Technologies Announces Divestiture of CA arcserve Data Protection Business to Marlin Equity Partners - CA Technologies.txt , 23
CA Technologies Appoints Chua I-Pin as Vice President for Asia South - CA Technologies.txt , 22
CA Technologies Brings New Innovation to Lifecycle Management - CA Technologies.txt , 26
CA Technologies Delivers Latest SaaS-Based Enterprise Mobility Management Suite with Zero-Day Support for iOS 8 - CA Technologies.txt , 26
CA Technologies Delivers New Solution to Reduce Downtime and Respond to Business Change - CA Technologies.txt , 28
CA Technologies Delivers Next Wave of DevOps Innovation - CA Technologies.txt , 103
CA Technologies Desktop Migration Manager Empowers Customers to Safely Migrate To Secure Operating Systems - CA Technologies.txt , 29
CA Technologies Extends Industry Leadership in API Management and Security with New Solutions that Enable the Open Enterprise - CA Technologies.txt , 41
CA Technologies Integrates with Samsung KNOX™ to Secure Android Device Deployments across the Enterprise - CA Technologies.txt , 29
CA Technologies Introduces the Management Cloud – Solutions that Transform Growing Complex IT Portfolios into Business Enablers- CA Technologies.txt , 48
CA Technologies Launches Industrys First Management Cloud for Mobility - CA Technologies.txt , 66
CA Technologies Named a Leader in Federated Identity Management and Single Sign-On - CA Technologies.txt , 18
CA Technologies Named a Leader in Service Virtualization and Testing by Independent Research Firm - CA Technologies.txt , 28
CA Technologies Named an Overall Leader in Identity Provisioning by KuppingerCole.txt , 27
CA Technologies Named Market Leader in Application Performance Management by Independent Analyst Firm - CA Technologies.txt , 20
CA Technologies Names Kenneth Arredondo as President & General Manager for Asia Pacific & Japan - CA Technologies.txt , 22
CA Technologies Positioned in Leaders Quadrant of Gartner Magic - CA Technologies.txt , 28
CA Technologies Positioned in Leaders Quadrant of Gartner Magic Quadrant for Integrated IT Portfolio Analysis Applications.txt , 22
CA Technologies Positioned in Leaders Quadrant of Gartner Magic Quadrant Report for DCIM - CA Technologies.txt , 25
CA Technologies Simplifies Identity Management and Governance for Business Users with New CA Identity Suite - CA Technologies.txt , 26
CA Technologies Unified Monitoring Helps IT Organizations Focus on Customer Experience - CA Technologies.txt , 79
CA Technologies Voted Best-in-Category for Data Center Management in NetworkWorld Asia Annual Readers’ Choice Awards - CA Technologies.txt , 32
CA Technologies Wins Excellence in Governance Risk & Compliance Solutions Award - CA Technologies.txt , 24
CA Technologies Works with Facebook to Help Drive Efficiencies - CA Technologies.txt , 26
CA World 2014: CA Technologies CEO Challenges Business and Technology Leaders to Build New Capability to Compete in the Application Economy - CA Technologies.txt , 44
CATechnologies.txt , 24
CBNCloud Strengthens Cloud Services Portfolio with CA Nimsoft Monitor - CA Technologies.txt , 43
Citrix and CA Technologies Sign Agreement to Integrate NetScaler and SiteMinder - CA Technologies.txt , 53
Day 2 of CA World ’14 – Innovation Keynote Presents Vision of a Future Powered by Software.txt , 22
Global Study Reveals that the Role of IT Continues to Shift Towards Enabling Innovation and Leveraging Disruptive Technologies for Business Success - CA Technologies.txt , 48
IIJ Global Expands Cloud Service Offerings with CA Nimsoft Monitor - CA Technologies.txt , 48
New CA arcserve Unified Data Protection Makes Protecting - CA Technologies.txt , 63
Old , 0
Technology Alliance with Samsung Expands CA Mobile API Gateway Integration with Samsung KNOX Offers End-to-End App Security Controlling Access to the App and API - CA Technologies.txt , 30
Technology Strategy Not Just an IT Responsibility Global Study Reveals - CA Technologies.txt , 54
Winners of Global CA Technologies Partner Awards Announced at CA World ‘14 - CA Technologies.txt , 30
Salesforce.txt , 0
"Less Is More" as Cisco Completely Reimagines Flagship Three-Screen Video Conferencing Technology | The Network.txt , 56
.DS_Store , 0
Centros de Integración Juvenil and Cisco Networking Academy to Open a New Academy in the Mayan Riviera | The Network.txt , 14
Cisco and Sanford Bernstein to Host a Tech Talk on Cisco's Cloud Computing Strategy | The Network.txt , 1
Cisco and Tieto Accelerate the Internet of Everything Revolution | The Network.txt , 42
Cisco Announces Upcoming Event with the Financial Community | The Network.txt , 3
Cisco Announces Winners of the First Cisco Entrepreneurs in Residence (EIR) Program in Europe at The Pioneers Festival Vienna | The Network.txt , 29
Cisco Brings Internet of Everything (IoE) Innovation Center to Berlin | The Network.txt , 22
Cisco Collaborates with the Metropolitan District of Quito to Develop the Quito Digital Agenda 2022 | The Network.txt , 24
Cisco Global Cloud Index Projects Data Center Traffic to Nearly Triple; Cloud to Represent 76 Percent of Total Data Center Traffic by 2018 | The Network.txt , 43
Cisco Helps Carriers Transform the Mobile Experience by Delivering High-Definition Voice and Data Services Over Wi-Fi | The Network.txt , 40
Cisco Opens Internet of Everything Innovation Center in Tokyo | The Network.txt , 38
Cisco Ranked No. 1 in Latin America's Security Market in Revenue Market Share | The Network.txt , 9
Cisco Reports First Quarter Earnings | The Network.txt , 133
Cisco Schedules Conference Call for Q1 Fiscal Year 2015 Financial Results | The Network.txt , 0
Cisco Showcases How the UK Is Harnessing the Internet of Everything in 2014 | The Network.txt , 49
Cisco Study: Digital Lifestyles Drive a Widening Gap Between Consumers' Expectations and Bank Delivery | The Network.txt , 61
Cisco Supplied Network Infrastructure During Nuclear Security Summit in The Hague | The Network.txt , 14
Cisco to establish a Global IoE Innovation Center in Barcelona | The Network.txt , 26
Cisco to Host 2014 Annual Meeting of Shareholders | The Network.txt , 2
Cisco Unveils Project Squared: a Next-Generation Cloud-based Collaboration App for Team Based Collaboration | The Network.txt , 42
Cisco.txt , 0
CiscoTRIM.txt , 0
City of Hamburg and Cisco Launch Plans for Smart City of the Future and Lay Foundation for a Partner Ecosystem | The Network.txt , 39
Danish National Stadium PARKEN to Become Most Connected Venue in Denmark With Cisco's Latest Wi-Fi and Mobile Video Solutions | The Network.txt , 25
Latin American Partners Join Rapidly Expanding Cisco Intercloud Ecosystem | The Network.txt , 53
Norwegian Professional Football League to Become First League in the World to Implement Wi-Fi and Mobile Video as a League Solution | The Network.txt , 40
Old , 0
Orange Slovakia Lights Up 4G LTE Services with Cisco ASR 5000 Series | The Network.txt , 29
Smart City: Brazilian Federal District Launches Unprecedented Free Wi-Fi Project in the Country | The Network.txt , 21
Swedish Elite Football to Offer Their Fans a New and Engaging Mobile Experience | The Network.txt , 14
Tele2 Arena to transform fan experience through seamless connectivity and new app featuring live video | The Network.txt , 15
Telecable Trusts Cisco to Provide Innovative Mobile Internet Services | The Network.txt , 36
TELUS launches two new Cisco Powered cloud services for Canadian businesses | The Network.txt , 45
Toshiba and Cisco Intend to Engage on Internet of Things (IoT) Strategy | The Network.txt , 42
Transformation Through Innovation Cisco at IBC 2014 | The Network.txt , 54
Watch Cisco Collaboration Summit Keynote Live Featuring John Chambers Rowan Trollope and Box CEO Aaron Levie | The Network.txt , 31
Working from Mars with an Internet Brain Implant: Cisco Study Shows How Technology will Shape the "Future of Work" | The Network.txt , 106
Siemens UK - Aberdeen Royal Infirmary focuses on faster processes for vascular procedures.txt , 22
Siemens UK - Aston Brain Centre improves spine image quality and consolidates musculoskeletal leadership with enhanced MR system.txt , 24
Siemens UK - Blackpool Victoria Hospital increases patient throughput with help from five Ysios.txt , 20
Siemens UK - Castle Hill Hospital first in UK to implement latest PET-CT technology from Siemens.txt , 16
Siemens UK - New UK Rail Academy takes shape to future-proof Railway Engineering skills.txt , 42
Siemens UK - Royal Blackburn Hospital to expand nuclear medicine offering to include bone scan imaging with new SPECT-CT system.txt , 17
Siemens UK - Siemens and OCR launch UK engineering skills partnership.txt , 33
Siemens UK - Siemens announces Green Port Hull improvements.txt , 25
Siemens UK - Siemens extends sponsorship of Greenpower Education Trust.txt , 21
Siemens UK - Siemens wins UK’s largest deployment of SafeZone.txt , 24
Siemens.txt , 12
EMC.txt , 0
EMClinks.txt , 0
EMClinks0.txt , 0
EMClinks1.txt , 0
EMClinks112.txt , 1
